LoadCaseId,NodeId,Ux_m,Uy_m,Rz_rad
ULS1,A,0.000000,0.000000,-0.024182
ULS1,B,0.000000,0.000000,0.024182
